dbo|Abonos|PDATE|NONCLUSTERED|0|0|0|FECHA|NULL
dbo|Abonos|PK_Abonos|CLUSTERED|1|1|0|Id|NULL
dbo|Abonos|PNUM|NONCLUSTERED|0|0|0|RECNUM|NULL
dbo|Abonos_Detalle|PK_Abonos_Detalle|CLUSTERED|1|1|0|Id|NULL
dbo|AbonosPagos|PK_AbonosPagos|CLUSTERED|1|1|0|Id|NULL
dbo|AbonosPagosClientes|PK_AbonosPagosClientes|CLUSTERED|1|1|0|Id|NULL
dbo|Accesos|aaaaaAccesos_PK|NONCLUSTERED|1|1|0|Cod_Usuario,Modulo|NULL
dbo|AccesoUsuarios|PK_AccesoUsuarios|CLUSTERED|1|1|0|Cod_Usuario,Modulo|NULL
dbo|ActivityLog|PK__Activity__3214EC0753584DE9|CLUSTERED|1|1|0|Id|NULL
dbo|ActivityLogType|PK__Activity__3214EC075728DECD|CLUSTERED|1|1|0|Id|NULL
dbo|Address|PK__Address__3214EC075AF96FB1|CLUSTERED|1|1|0|Id|NULL
dbo|Affiliate|PK__Affiliat__3214EC075ECA0095|CLUSTERED|1|1|0|Id|NULL
dbo|AjusteLibroInventario|PK_AjusteLibroInventario|CLUSTERED|1|1|0|Id|NULL
dbo|Almacen|aaaaaAlmacen_PK|NONCLUSTERED|1|1|0|Codigo|NULL
dbo|Antiguedad|aaaaaAntiguedad_PK|NONCLUSTERED|1|1|0|MESES|NULL
dbo|BackInStockSubscription|PK__BackInSt__3214EC07629A9179|CLUSTERED|1|1|0|Id|NULL
dbo|Bancos|aaaaaBancos_PK|NONCLUSTERED|1|1|0|Nombre|NULL
dbo|BlogComment|IX_BlogComment_BlogPostId|NONCLUSTERED|0|0|0|BlogPostId|NULL
dbo|BlogComment|PK__BlogComm__3214EC07666B225D|CLUSTERED|1|1|0|Id|NULL
dbo|BlogPost|IX_BlogPost_LanguageId|NONCLUSTERED|0|0|0|LanguageId|NULL
dbo|BlogPost|PK__BlogPost__3214EC076A3BB341|CLUSTERED|1|1|0|Id|NULL
dbo|Bloque|aaaaaBloque_PK|NONCLUSTERED|1|1|0|FECHA,FORMA|NULL
dbo|Campaign|PK__Campaign__3214EC076E0C4425|CLUSTERED|1|1|0|Id|NULL
dbo|CargaRetenciones|PK_CargaRetenciones|CLUSTERED|1|1|0|Id|NULL
dbo|Cargos|PK_Cargos|CLUSTERED|1|1|0|Codigo|NULL
dbo|Categoria|aaaaaCategoria_PK|NONCLUSTERED|1|1|0|Nombre|NULL
dbo|Categoria|ID|NONCLUSTERED|0|0|0|Codigo|NULL
dbo|Categoria|Nombre|NONCLUSTERED|0|0|0|Nombre|NULL
dbo|Categorias|aaaaaCategorias_PK|NONCLUSTERED|1|1|0|Codigo|NULL
dbo|Category|IX_Category_DisplayOrder|NONCLUSTERED|0|0|0|DisplayOrder|NULL
dbo|Category|IX_Category_ParentCategoryId|NONCLUSTERED|0|0|0|ParentCategoryId|NULL
dbo|Category|PK__Category__3214EC0771DCD509|CLUSTERED|1|1|0|Id|NULL
dbo|CategoryTemplate|PK__Category__3214EC0775AD65ED|CLUSTERED|1|1|0|Id|NULL
dbo|Centro_Costo|aaaaaCentro_Costo_PK|NONCLUSTERED|1|1|0|Codigo|NULL
dbo|CheckoutAttribute|PK__Checkout__3214EC07797DF6D1|CLUSTERED|1|1|0|Id|NULL
dbo|CheckoutAttributeValue|PK__Checkout__3214EC077D4E87B5|CLUSTERED|1|1|0|Id|NULL
dbo|Childrems|PK_Childrems|CLUSTERED|1|1|0|Codigo,Cliente|NULL
dbo|Clases|aaaaaClases_PK|NONCLUSTERED|1|1|0|Codigo|NULL
dbo|Clientes|aaaaaClientes_PK|NONCLUSTERED|1|1|0|CODIGO|NULL
dbo|Clientes|CCOD|NONCLUSTERED|0|0|0|CODIGO|NULL
dbo|Clientes|CNAME|NONCLUSTERED|0|0|0|NOMBRE|NULL
dbo|Clientes|CODIGO|NONCLUSTERED|0|0|0|CODIGO|NULL
dbo|Clientes|PC_COD|NONCLUSTERED|0|0|0|CODIGO|NULL
dbo|Clientes|VENDEDOR|NONCLUSTERED|0|0|0|VENDEDOR|NULL
dbo|ClonZ|PK_ClonZ|CLUSTERED|1|1|0|ID|NULL
dbo|ClonZTotal|PK_ClonZTotal|CLUSTERED|1|1|0|ID,Fecha|NULL
dbo|Compra_Seniat|PK_Compra_Seniat|CLUSTERED|1|1|0|id|NULL
dbo|Compras|aaaaaCompras_PK|NONCLUSTERED|1|1|0|NUM_FACT,COD_PROVEEDOR|NULL
dbo|Compras|otro|NONCLUSTERED|0|0|0|COD_PROVEEDOR|NULL
dbo|Compras|rec|NONCLUSTERED|0|0|0|NUM_FACT|NULL
dbo|ComprasNotas|aaaaaComprasNotas_PK|NONCLUSTERED|1|1|0|NUM_FACT,COD_PROVEEDOR|NULL
dbo|Conc_Empl|aaaaaConc_Empl_PK|NONCLUSTERED|1|1|0|CO_CONCEPT,CEDULA|NULL
dbo|ConcNom|aaaaaConcNom_PK|NONCLUSTERED|1|1|0|CO_CONCEPT,CO_NOMINA|NULL
dbo|ConstanteNomina|aaaaaConstanteNomina_PK|NONCLUSTERED|1|1|0|Codigo|NULL
dbo|Correlativo|aaaaaCorrelativo_PK|NONCLUSTERED|1|1|0|Tipo|NULL
dbo|Cotizacion|PK_Cotizacion|CLUSTERED|1|1|0|NUM_FACT,SERIALTIPO|NULL
dbo|Country|IX_Country_DisplayOrder|NONCLUSTERED|0|0|0|DisplayOrder|NULL
dbo|Country|PK__Country__3214EC07011F1899|CLUSTERED|1|1|0|Id|NULL
dbo|CrossSellProduct|PK__CrossSel__3214EC0704EFA97D|CLUSTERED|1|1|0|Id|NULL
dbo|Cuentas|aaaaaCuentas_PK|NONCLUSTERED|1|1|0|COD_CUENTA|NULL
dbo|CuentasBank|aaaaaCuentasBank_PK|NONCLUSTERED|1|1|0|Nro_Cta|NULL
dbo|Currency|IX_Currency_DisplayOrder|NONCLUSTERED|0|0|0|DisplayOrder|NULL
dbo|Currency|PK__Currency__3214EC0708C03A61|CLUSTERED|1|1|0|Id|NULL
dbo|Customer|IX_Customer_CustomerGuid|NONCLUSTERED|0|0|0|CustomerGuid|NULL
dbo|Customer|IX_Customer_Email|NONCLUSTERED|0|0|0|Email|NULL
dbo|Customer|IX_Customer_Username|NONCLUSTERED|0|0|0|Username|NULL
dbo|Customer|PK__Customer__3214EC070C90CB45|CLUSTERED|1|1|0|Id|NULL
dbo|Customer_CustomerRole_Mapping|PK__Customer__ABACF0F71BD30ED5|CLUSTERED|1|1|0|Customer_Id,CustomerRole_Id|NULL
dbo|CustomerAddresses|PK__Customer__3C89582210615C29|CLUSTERED|1|1|0|Customer_Id,Address_Id|NULL
dbo|CustomerAttribute|IX_CustomerAttribute_CustomerId|NONCLUSTERED|0|0|0|CustomerId|NULL
dbo|CustomerAttribute|PK__Customer__3214EC071431ED0D|CLUSTERED|1|1|0|Id|NULL
dbo|CustomerContent|PK__Customer__3214EC0718027DF1|CLUSTERED|1|1|0|Id|NULL
dbo|CustomerRole|PK__Customer__3214EC071FA39FB9|CLUSTERED|1|1|0|Id|NULL
dbo|Depositos|aaaaaDepositoss_PK|NONCLUSTERED|1|1|0|nro_dep,nro_cta|NULL
dbo|Detalle_Cheque|aaaaaDetalle_Cheque_PK|NONCLUSTERED|1|1|0|nro_cta,codigo,nro_trans|NULL
dbo|Detalle_Compras|Detalle_Factura|NONCLUSTERED|0|0|0|NUM_FACT|NULL
dbo|Detalle_Compras|PK_Detalle_Compras|CLUSTERED|1|1|0|id|NULL
dbo|Detalle_ComprasNotas|PK_Detalle_ComprasNotas|CLUSTERED|1|1|0|id|NULL
dbo|Detalle_Cotizacion|IX_Detalle_Cotizacion|NONCLUSTERED|0|0|0|NUM_FACT,SERIALTIPO|NULL
dbo|Detalle_Cotizacion|PK_Detalle_Cotizacion|CLUSTERED|1|1|0|Id|NULL
dbo|Detalle_Deposito|PK_Detalle_Depositoss|CLUSTERED|1|1|0|id|NULL
dbo|Detalle_DevolucionCompras|PK_Detalle_DevolucionCompras|CLUSTERED|1|1|0|id|NULL
dbo|Detalle_Esperas|FDDATE|NONCLUSTERED|0|0|0|FECHA|NULL
dbo|Detalle_Esperas|FDNUM|NONCLUSTERED|0|0|0|NUM_FACT|NULL
dbo|Detalle_Esperas|IX_Detalle_Esperas|NONCLUSTERED|0|0|0|NUM_FACT,SERIALTIPO|NULL
dbo|Detalle_Esperas|NUM|NONCLUSTERED|0|0|0|NUM_FACT|NULL
dbo|Detalle_Esperas|PK_Detalle_Esperas|CLUSTERED|1|1|0|ID|NULL
dbo|Detalle_Existencia|aaaaaDetalle_Existencia_PK|NONCLUSTERED|1|1|0|Cod_Producto,Almacen|NULL
dbo|Detalle_FactsManual|FDDATE|NONCLUSTERED|0|0|0|FECHA|NULL
dbo|Detalle_FactsManual|FDNUM|NONCLUSTERED|0|0|0|NUM_FACT|NULL
dbo|Detalle_FactsManual|IX_Detalle_FactsManual|NONCLUSTERED|0|0|0|NUM_FACT,SERIALTIPO|NULL
dbo|Detalle_FactsManual|NUM|NONCLUSTERED|0|0|0|NUM_FACT|NULL
dbo|Detalle_FactsManual|PK_Detalle_FactsManual|CLUSTERED|1|1|0|ID|NULL
dbo|Detalle_facturas|FDDATE|NONCLUSTERED|0|0|0|FECHA|NULL
dbo|Detalle_facturas|FDNUM|NONCLUSTERED|0|0|0|NUM_FACT|NULL
dbo|Detalle_facturas|IX_Detalle_facturas|NONCLUSTERED|0|0|0|NUM_FACT,SERIALTIPO|NULL
dbo|Detalle_facturas|IX_Detalle_facturas_1|NONCLUSTERED|0|0|0|COD_SERV|NULL
dbo|Detalle_facturas|NUM|NONCLUSTERED|0|0|0|NUM_FACT|NULL
dbo|Detalle_facturas|PK_Detalle_facturas|CLUSTERED|1|1|0|Id|NULL
dbo|Detalle_FormaPagoCompras|PK_Detalle_FormaPagoCompras|CLUSTERED|1|1|0|Id,Num_fact,Cod_Proveedor,Tipo|NULL
dbo|Detalle_FormaPagoCotizacion|aaaaaDetalle_FormaPagoCotizacion_PK|NONCLUSTERED|1|1|0|Id,Num_fact,Tipo|NULL
dbo|Detalle_FormaPagoFacturas|aaaaaDetalle_FormaPagoFacturas_PK|NONCLUSTERED|1|1|0|Id,Num_fact,Tipo|NULL
dbo|Detalle_Inventario|aaaaaDetalle_Inventario_PK|NONCLUSTERED|1|1|0|Id,Codigo,Almacen,Lote|NULL
dbo|Detalle_Nota|Detalle_Factura|NONCLUSTERED|0|0|0|NUM_FACT|NULL
dbo|Detalle_Nota|IX_Detalle_Nota|NONCLUSTERED|0|0|0|NUM_FACT,SERIALTIPO|NULL
dbo|Detalle_Nota|PK_Detalle_Nota|CLUSTERED|1|1|0|ID|NULL
dbo|Detalle_notacredito|FDDATE|NONCLUSTERED|0|0|0|FECHA|NULL
dbo|Detalle_notacredito|FDNUM|NONCLUSTERED|0|0|0|NUM_FACT|NULL
dbo|Detalle_notacredito|IX_Detalle_notacredito|NONCLUSTERED|0|0|0|NUM_FACT,SERIALTIPO|NULL
dbo|Detalle_notacredito|IX_Detalle_notacredito_1|NONCLUSTERED|0|0|0|COD_SERV|NULL
dbo|Detalle_notacredito|NUM|NONCLUSTERED|0|0|0|NUM_FACT|NULL
dbo|Detalle_notacredito|PK_Detalle_notacredito|CLUSTERED|1|1|0|ID|NULL
dbo|Detalle_notadebito|FDDATE|NONCLUSTERED|0|0|0|FECHA|NULL
dbo|Detalle_notadebito|FDNUM|NONCLUSTERED|0|0|0|NUM_FACT|NULL
dbo|Detalle_notadebito|IX_Detalle_notadebito|NONCLUSTERED|0|0|0|NUM_FACT,SERIALTIPO|NULL
dbo|Detalle_notadebito|NUM|NONCLUSTERED|0|0|0|NUM_FACT|NULL
dbo|Detalle_notadebito|PK_Detalle_notadebito|CLUSTERED|1|1|0|ID|NULL
dbo|Detalle_Ordenes|Detalle_Factura|NONCLUSTERED|0|0|0|NUM_FACT|NULL
dbo|Detalle_Ordenes|IX_Detalle_Ordenes|NONCLUSTERED|0|0|0|NUM_FACT,SERIALTIPO|NULL
dbo|Detalle_Ordenes|PK_Detalle_Ordenes|CLUSTERED|1|1|0|ID|NULL
dbo|Detalle_Pedidos|FDDATE|NONCLUSTERED|0|0|0|FECHA|NULL
dbo|Detalle_Pedidos|FDNUM|NONCLUSTERED|0|0|0|NUM_FACT|NULL
dbo|Detalle_Pedidos|IX_Detalle_Pedidos|NONCLUSTERED|0|0|0|NUM_FACT,SERIALTIPO|NULL
dbo|Detalle_Pedidos|NUM|NONCLUSTERED|0|0|0|NUM_FACT|NULL
dbo|Detalle_Pedidos|PK_Detalle_Pedidos|CLUSTERED|1|1|0|ID|NULL
dbo|Detalle_Presupuestos|Detalle_Factura|NONCLUSTERED|0|0|0|NUM_FACT|NULL
dbo|Detalle_Presupuestos|IX_Detalle_Presupuestos|NONCLUSTERED|0|0|0|NUM_FACT,SERIALTIPO|NULL
dbo|Detalle_Presupuestos|PK_Detalle_Presupuestos|CLUSTERED|1|1|0|ID|NULL
dbo|Detalle_Traslados|PK_Detalle_Traslados|CLUSTERED|1|1|0|Id,Num_Traslado,CodigoOrigen,CodigoDestino|NULL
dbo|DetallePago|PK_DetallePago|CLUSTERED|1|1|0|Id|NULL
dbo|DevolucionCompras|aaaaaDevolucionCompras_PK|NONCLUSTERED|1|1|0|NUM_FACT,COD_PROVEEDOR|NULL
dbo|Discount|PK__Discount__3214EC072374309D|CLUSTERED|1|1|0|Id|NULL
dbo|Discount_AppliedToCategories|PK__Discount__9AC84AD22744C181|CLUSTERED|1|1|0|Discount_Id,Category_Id|NULL
dbo|Discount_AppliedToProductVariants|PK__Discount__846504DB2B155265|CLUSTERED|1|1|0|Discount_Id,ProductVariant_Id|NULL
dbo|DiscountRequirement|PK__Discount__3214EC072EE5E349|CLUSTERED|1|1|0|Id|NULL
dbo|DiscountUsageHistory|PK__Discount__3214EC0732B6742D|CLUSTERED|1|1|0|Id|NULL
dbo|Distribucion_gasto|aaaaaDistribucion_gasto_PK|NONCLUSTERED|1|1|0|Cuenta,Numero,ID|NULL
dbo|Distribucion_gasto|ID|NONCLUSTERED|0|0|0|ID|NULL
dbo|Distritos|aaaaaDistritos_PK|NONCLUSTERED|1|1|0|CODIGO|NULL
dbo|Download|PK__Download__3214EC0736870511|CLUSTERED|1|1|0|Id|NULL
dbo|DtllLiquidacion|aaaaaDtllLiquidacion_PK|NONCLUSTERED|1|1|0|Liquidacion,Co_Concepto,Cedula|NULL
dbo|DtllNom|aaaaaDtllNom_PK|NONCLUSTERED|1|1|0|NOMINA,CO_CONCEPTO,CEDULA|NULL
dbo|DtllVacacion|aaaaaDtllVacacion_PK|NONCLUSTERED|1|1|0|Vacacion,Co_Concepto,Cedula|NULL
dbo|EdmMetadata|PK__EdmMetad__3214EC073A5795F5|CLUSTERED|1|1|0|Id|NULL
dbo|EgresoDevolucion|PK_EgresoDevolucion|CLUSTERED|1|1|0|Id|NULL
dbo|EmailAccount|PK__EmailAcc__3214EC073E2826D9|CLUSTERED|1|1|0|Id|NULL
dbo|Empleados|aaaaaEmpleados_PK|NONCLUSTERED|1|1|0|CEDULA|NULL
dbo|EmpleadosNomina|aaaaaEmpleadosNomina_PK|NONCLUSTERED|1|1|0|Cedula|NULL
dbo|EmpleadoSueldo|Indice|NONCLUSTERED|0|0|0|Cedula,Fecha|NULL
dbo|EmpleadoSueldo|PK_EmpleadoSueldo|CLUSTERED|1|1|0|Id|NULL
dbo|Empresa|aaaaaEmpresa_PK|NONCLUSTERED|1|1|0|Empresa|NULL
dbo|Esperas|aaaaaEsperas_PK|NONCLUSTERED|1|1|0|NUM_FACT,SERIALTIPO|NULL
dbo|Etiquetas|PK_Etiquetas|CLUSTERED|1|1|0|Id|NULL
dbo|Etiquetas_Full|PK_Etiquetas_Full|CLUSTERED|1|1|0|Id|NULL
dbo|ExternalAuthenticationRecord|PK__External__3214EC0741F8B7BD|CLUSTERED|1|1|0|Id|NULL
dbo|FactsManual|aaaaaFactsManual_PK|NONCLUSTERED|1|1|0|NUM_FACT,SERIALTIPO|NULL
dbo|FactsManual|CODIGO|NONCLUSTERED|0|0|0|CODIGO|NULL
dbo|FactsManual|FECHA|NONCLUSTERED|0|0|0|FECHA|NULL
dbo|FactsManual|NOMBRE|NONCLUSTERED|0|0|0|NOMBRE|NULL
dbo|Facturas|aaaaaFactura_PK|NONCLUSTERED|1|1|0|NUM_FACT,SERIALTIPO,Tipo_Orden|NULL
dbo|Facturass|aaaaaFacturas_PK|NONCLUSTERED|1|1|0|NUM_FACT,SERIALTIPO|NULL
dbo|Facturass|CODIGO|NONCLUSTERED|0|0|0|CODIGO|NULL
dbo|Facturass|FECHA|NONCLUSTERED|0|0|0|FECHA|NULL
dbo|Facturass|NOMBRE|NONCLUSTERED|0|0|0|NOMBRE|NULL
dbo|Fallas|aaaaaFallas_PK|NONCLUSTERED|1|1|0|Codigo|NULL
dbo|Fechas|PK_Fechas|CLUSTERED|1|1|0|fecha|NULL
dbo|Feriados|aaaaaFeriados_PK|NONCLUSTERED|1|1|0|Fecha|NULL
dbo|Formulas|aaaaaFormulas_PK|NONCLUSTERED|1|1|0|Codigo|NULL
dbo|Forums_Forum|IX_Forums_Forum_DisplayOrder|NONCLUSTERED|0|0|0|DisplayOrder|NULL
dbo|Forums_Forum|IX_Forums_Forum_ForumGroupId|NONCLUSTERED|0|0|0|ForumGroupId|NULL
dbo|Forums_Forum|PK__Forums_F__3214EC0745C948A1|CLUSTERED|1|1|0|Id|NULL
dbo|Forums_Group|IX_Forums_Group_DisplayOrder|NONCLUSTERED|0|0|0|DisplayOrder|NULL
dbo|Forums_Group|PK__Forums_G__3214EC074999D985|CLUSTERED|1|1|0|Id|NULL
dbo|Forums_Post|IX_Forums_Post_CustomerId|NONCLUSTERED|0|0|0|CustomerId|NULL
dbo|Forums_Post|IX_Forums_Post_TopicId|NONCLUSTERED|0|0|0|TopicId|NULL
dbo|Forums_Post|PK__Forums_P__3214EC074D6A6A69|CLUSTERED|1|1|0|Id|NULL
dbo|Forums_PrivateMessage|PK__Forums_P__3214EC0730992191|CLUSTERED|1|1|0|Id|NULL
dbo|Forums_Subscription|IX_Forums_Subscription_ForumId|NONCLUSTERED|0|0|0|ForumId|NULL
dbo|Forums_Subscription|IX_Forums_Subscription_TopicId|NONCLUSTERED|0|0|0|TopicId|NULL
dbo|Forums_Subscription|PK__Forums_S__3214EC07513AFB4D|CLUSTERED|1|1|0|Id|NULL
dbo|Forums_Topic|IX_Forums_Topic_ForumId|NONCLUSTERED|0|0|0|ForumId|NULL
dbo|Forums_Topic|PK__Forums_T__3214EC07550B8C31|CLUSTERED|1|1|0|Id|NULL
dbo|Gastos|otro|NONCLUSTERED|0|0|0|COD_PROVEEDOR|NULL
dbo|Gastos|rec|NONCLUSTERED|0|0|0|NUM_FACT|NULL
dbo|GiftCard|PK__GiftCard__3214EC0758DC1D15|CLUSTERED|1|1|0|Id|NULL
dbo|GiftCardUsageHistory|PK__GiftCard__3214EC075CACADF9|CLUSTERED|1|1|0|Id|NULL
dbo|GoogleProduct|PK__GooglePr__3214EC070DD9F539|CLUSTERED|1|1|0|Id|NULL
dbo|Grupos|aaaaaGrupos_PK|NONCLUSTERED|1|1|0|Codigo|NULL
dbo|Grupos|ID|NONCLUSTERED|0|0|0|Codigo|NULL
dbo|Inventario|PK_Inventario|CLUSTERED|1|1|0|CODIGO|NULL
dbo|Inventario_Aux|PK__Inventar__3214EC27700A6687|CLUSTERED|1|1|0|ID|NULL
dbo|InventarioContable|PK_InventarioContable|CLUSTERED|1|1|0|Periodo|NULL
dbo|Language|IX_Language_DisplayOrder|NONCLUSTERED|0|0|0|DisplayOrder|NULL
dbo|Language|PK__Language__3214EC07607D3EDD|CLUSTERED|1|1|0|Id|NULL
dbo|LibroFactResum|PK_LibroFactResum|CLUSTERED|1|1|0|ID|NULL
dbo|LibroFactResumHist|PK_LibroFactResumHist|CLUSTERED|1|1|0|ID,FECHA_LIBRO,HORA_LIBRO,NUM_FACT,NUM_FIN|NULL
dbo|libroFacturas|PK_libroFacturas|CLUSTERED|1|1|0|Id|NULL
dbo|libroFacturasHist|PK_libroFacturasHist_1|CLUSTERED|1|1|0|Id,FECHA_LIBRO,HORA_LIBRO,NUM_FACT|NULL
dbo|Linea_proveedores|cod_proveedor|NONCLUSTERED|0|0|0|cod_proveedor|NULL
dbo|Linea_proveedores|PK_Linea_proveedores|CLUSTERED|1|1|0|id|NULL
dbo|LINEAS|aaaaaLINEAS_PK|NONCLUSTERED|1|1|0|CODIGO|NULL
dbo|Liquidacion|aaaaaLiquidacion_PK|NONCLUSTERED|1|1|0|Liquidacion,Cedula|NULL
dbo|lista|PK_lista|CLUSTERED|1|1|0|Id|NULL
dbo|LocalizedProperty|PK__Localize__3214EC07681E60A5|CLUSTERED|1|1|0|Id|NULL
dbo|Log|IX_Log_CreatedOnUtc|NONCLUSTERED|0|0|0|CreatedOnUtc|NULL
dbo|Log|PK__Log__3214EC076BEEF189|CLUSTERED|1|1|0|Id|NULL
dbo|Lph|PK_Lph|CLUSTERED|1|1|0|id|NULL
dbo|Manufacturer|IX_Manufacturer_DisplayOrder|NONCLUSTERED|0|0|0|DisplayOrder|NULL
dbo|Manufacturer|PK__Manufact__3214EC076FBF826D|CLUSTERED|1|1|0|Id|NULL
dbo|ManufacturerTemplate|PK__Manufact__3214EC0773901351|CLUSTERED|1|1|0|Id|NULL
dbo|Marcas|aaaaaMarcas_PK|NONCLUSTERED|1|1|0|Codigo|NULL
dbo|MeasureDimension|PK__MeasureD__3214EC077760A435|CLUSTERED|1|1|0|Id|NULL
dbo|MeasureWeight|PK__MeasureW__3214EC077B313519|CLUSTERED|1|1|0|Id|NULL
dbo|MessageTemplate|PK__MessageT__3214EC077F01C5FD|CLUSTERED|1|1|0|Id|NULL
dbo|Modulos|PK_Modulos|CLUSTERED|1|1|0|Modulo|NULL
dbo|Moneda|aaaaaMoneda_PK|NONCLUSTERED|1|1|0|Nombre|NULL
dbo|Monedas|aaaaaMonedas_PK|NONCLUSTERED|1|1|0|VALOR|NULL
dbo|MovCuentas|Nro_Ref|NONCLUSTERED|0|0|0|Nro_Ref|NULL
dbo|MovCuentas|PK_MovCuentas|CLUSTERED|1|1|0|id|NULL
dbo|Movimiento_Cuenta|PK_Movimiento_Cuenta|CLUSTERED|1|1|0|COD_MOV|NULL
dbo|MovInvent|Documento|NONCLUSTERED|0|0|0|Documento|NULL
dbo|MovInvent|Fecha|NONCLUSTERED|0|0|0|Fecha|NULL
dbo|MovInvent|Nro_Cta|NONCLUSTERED|0|0|0|Product|NULL
dbo|MovInvent|PK_MovInvent|CLUSTERED|1|1|0|id|NULL
dbo|MovInventMes|PK_MovInventMes|CLUSTERED|1|1|0|id|NULL
dbo|News|IX_News_LanguageId|NONCLUSTERED|0|0|0|LanguageId|NULL
dbo|News|PK__News__3214EC0706A2E7C5|CLUSTERED|1|1|0|Id|NULL
dbo|NewsComment|IX_NewsComment_NewsItemId|NONCLUSTERED|0|0|0|NewsItemId|NULL
dbo|NewsComment|PK__NewsComm__3214EC0702D256E1|CLUSTERED|1|1|0|Id|NULL
dbo|NewsLetterSubscription|PK__NewsLett__3214EC070A7378A9|CLUSTERED|1|1|0|Id|NULL
dbo|Nomina|aaaaaNomina_PK|NONCLUSTERED|1|1|0|NOMINA,CEDULA|NULL
dbo|Nota|aaaaaNota_PK|NONCLUSTERED|1|1|0|NUM_FACT,SERIALTIPO,Tipo_Orden|NULL
dbo|NOTACREDITO|aaaaaNOTACREDITO_PK|NONCLUSTERED|1|1|0|NUM_FACT,SERIALTIPO,Tipo_Orden|NULL
dbo|NOTACREDITO|CODIGO|NONCLUSTERED|0|0|0|CODIGO|NULL
dbo|NOTACREDITO|FECHA|NONCLUSTERED|0|0|0|FECHA|NULL
dbo|NOTACREDITO|NOMBRE|NONCLUSTERED|0|0|0|NOMBRE|NULL
dbo|NOTADEBITO|aaaaaNOTADEBITO_PK|NONCLUSTERED|1|1|0|NUM_FACT,SERIALTIPO|NULL
dbo|NOTADEBITO|CODIGO|NONCLUSTERED|0|0|0|CODIGO|NULL
dbo|NOTADEBITO|FECHA|NONCLUSTERED|0|0|0|FECHA|NULL
dbo|NOTADEBITO|NOMBRE|NONCLUSTERED|0|0|0|NOMBRE|NULL
dbo|NOTADEBITO|NUM_FACT|NONCLUSTERED|1|0|0|NUM_FACT|NULL
dbo|NotasPrestamos|aaaaaNotasPrestamos_PK|NONCLUSTERED|1|1|0|NUM_FACT|NULL
dbo|Ordenes|aaaaaOrdenes_PK|NONCLUSTERED|1|1|0|NUM_FACT,SERIALTIPO|NULL
dbo|Order|IX_Order_CustomerId|NONCLUSTERED|0|0|0|CustomerId|NULL
dbo|Order|PK__Order__3214EC070E44098D|CLUSTERED|1|1|0|Id|NULL
dbo|OrderNote|IX_OrderNote_OrderId|NONCLUSTERED|0|0|0|OrderId|NULL
dbo|OrderNote|PK__OrderNot__3214EC0712149A71|CLUSTERED|1|1|0|Id|NULL
dbo|OrderProductVariant|IX_OrderProductVariant_OrderId|NONCLUSTERED|0|0|0|OrderId|NULL
dbo|OrderProductVariant|PK__OrderPro__3214EC0715E52B55|CLUSTERED|1|1|0|Id|NULL
dbo|p_cobrar|PC_COD|NONCLUSTERED|0|0|0|CODIGO|NULL
dbo|p_cobrar|PC_DATE|NONCLUSTERED|0|0|0|FECHA|NULL
dbo|p_cobrar|PC_REL|NONCLUSTERED|0|0|0|DOCUMENTO|NULL
dbo|p_cobrar|PK_p_cobrar|CLUSTERED|1|1|0|id|NULL
dbo|P_Cobrarc|PC_COD|NONCLUSTERED|0|0|0|CODIGO|NULL
dbo|P_Cobrarc|PC_DATE|NONCLUSTERED|0|0|0|FECHA|NULL
dbo|P_Cobrarc|PC_REL|NONCLUSTERED|0|0|0|DOCUMENTO|NULL
dbo|P_Cobrarc|PK_P_Cobrarc|CLUSTERED|1|1|0|id|NULL
dbo|P_Pagar|FECHA|NONCLUSTERED|0|0|0|FECHA|NULL
dbo|P_Pagar|PC_COD|NONCLUSTERED|0|0|0|CODIGO|NULL
dbo|P_Pagar|PC_REL|NONCLUSTERED|0|0|0|CODIGO|NULL
dbo|P_Pagar|PK_P_Pagar|CLUSTERED|1|1|0|id|NULL
dbo|P_Pagar|tipo|NONCLUSTERED|0|0|0|TIPO|NULL
dbo|PagoNomina|PK_PagoNomina|CLUSTERED|1|1|0|id|NULL
dbo|pagos|PagosCODIGO|NONCLUSTERED|0|0|0|CODIGO|NULL
dbo|pagos|PDATE|NONCLUSTERED|0|0|0|FECHA|NULL
dbo|pagos|PK_pagos|CLUSTERED|1|1|0|id|NULL
dbo|pagos|PNUM|NONCLUSTERED|0|0|0|RECNUM|NULL
dbo|Pagos_Detalle|PK_Pagos_Detalle|CLUSTERED|1|1|0|Id|NULL
dbo|Pagosc|PagosCODIGO|NONCLUSTERED|0|0|0|CODIGO|NULL
dbo|Pagosc|PDATE|NONCLUSTERED|0|0|0|FECHA|NULL
dbo|Pagosc|PK_Pagosc|CLUSTERED|1|1|0|id|NULL
dbo|Pagosc|PNUM|NONCLUSTERED|0|0|0|RECNUM|NULL
dbo|PagosC_Detalle|PK_PagosC_Detalle|CLUSTERED|1|1|0|Id|NULL
dbo|pcobrar|PC_COD|NONCLUSTERED|0|0|0|CODIGO|NULL
dbo|pcobrar|PC_DATE|NONCLUSTERED|0|0|0|FECHA|NULL
dbo|pcobrar|PC_REL|NONCLUSTERED|0|0|0|DOCUMENTO|NULL
dbo|pcobrar|PK_pcobrar|CLUSTERED|1|1|0|id|NULL
dbo|Pedidos|aaaaaPedidos_PK|NONCLUSTERED|1|1|0|NUM_FACT,SERIALTIPO|NULL
dbo|Pedidos|CODIGO|NONCLUSTERED|0|0|0|CODIGO|NULL
dbo|Pedidos|FECHA|NONCLUSTERED|0|0|0|FECHA|NULL
dbo|Pedidos|NOMBRE|NONCLUSTERED|0|0|0|NOMBRE|NULL
dbo|PermissionRecord|PK__Permissi__3214EC0719B5BC39|CLUSTERED|1|1|0|Id|NULL
dbo|PermissionRecord_Role_Mapping|PK__Permissi__4804FB261D864D1D|CLUSTERED|1|1|0|PermissionRecord_Id,CustomerRole_Id|NULL
dbo|PhoneList|LastName|NONCLUSTERED|0|0|0|LastName|NULL
dbo|PhoneList|PK_PhoneList|CLUSTERED|1|1|0|id|NULL
dbo|Picture|PK__Picture__3214EC072156DE01|CLUSTERED|1|1|0|Id|NULL
dbo|Poll|PK__Poll__3214EC0725276EE5|CLUSTERED|1|1|0|Id|NULL
dbo|PollAnswer|IX_PollAnswer_PollId|NONCLUSTERED|0|0|0|PollId|NULL
dbo|PollAnswer|PK__PollAnsw__3214EC0728F7FFC9|CLUSTERED|1|1|0|Id|NULL
dbo|PollVotingRecord|PK__PollVoti__3214EC072CC890AD|CLUSTERED|1|1|0|Id|NULL
dbo|Prestaciones|aaaaaPrestaciones_PK|NONCLUSTERED|1|1|0|Cedula,Ano|NULL
dbo|Prestamos|PC_COD|NONCLUSTERED|0|0|0|CODIGO|NULL
dbo|Prestamos|PC_DATE|NONCLUSTERED|0|0|0|FECHA|NULL
dbo|Prestamos|PC_REL|NONCLUSTERED|0|0|0|DOCUMENTO|NULL
dbo|Prestamos|PK_Prestamos|CLUSTERED|1|1|0|id|NULL
dbo|Presupuestos|aaaaaPresupuestos_PK|NONCLUSTERED|1|1|0|NUM_FACT,SERIALTIPO|NULL
dbo|Product|PK__Product__3214EC073469B275|CLUSTERED|1|1|0|Id|NULL
dbo|Product_Category_Mapping|PK__Product___3214EC073C0AD43D|CLUSTERED|1|1|0|Id|NULL
dbo|Product_Manufacturer_Mapping|PK__Product___3214EC073FDB6521|CLUSTERED|1|1|0|Id|NULL
dbo|Product_Picture_Mapping|PK__Product___3214EC0743ABF605|CLUSTERED|1|1|0|Id|NULL
dbo|Product_ProductTag_Mapping|PK__Product___5802448C56BECA79|CLUSTERED|1|1|0|ProductTag_Id,Product_Id|NULL
dbo|Product_SpecificationAttribute_Mapping|PK__Product___3214EC074F1DA8B1|CLUSTERED|1|1|0|Id|NULL
dbo|ProductAttribute|PK__ProductA__3214EC07383A4359|CLUSTERED|1|1|0|Id|NULL
dbo|ProductReview|IX_ProductReview_ProductId|NONCLUSTERED|0|0|0|ProductId|NULL
dbo|ProductReview|PK__ProductR__3214EC07477C86E9|CLUSTERED|1|1|0|Id|NULL
dbo|ProductReviewHelpfulness|PK__ProductR__3214EC074B4D17CD|CLUSTERED|1|1|0|Id|NULL
dbo|ProductTag|PK__ProductT__3214EC0752EE3995|CLUSTERED|1|1|0|Id|NULL
dbo|ProductTemplate|PK__ProductT__3214EC075A8F5B5D|CLUSTERED|1|1|0|Id|NULL
dbo|ProductVariant|IX_ProductVariant_DisplayOrder|NONCLUSTERED|0|0|0|DisplayOrder|NULL
dbo|ProductVariant|IX_ProductVariant_ProductId|NONCLUSTERED|0|0|0|ProductId|AvailableEndDateTimeUtc,AvailableStartDateTimeUtc,Deleted,Price,Published
dbo|ProductVariant|PK__ProductV__3214EC075E5FEC41|CLUSTERED|1|1|0|Id|NULL
dbo|ProductVariant_ProductAttribute_Mapping|IX_ProductVariant_ProductAttribute_Mapping_ProductVariantId|NONCLUSTERED|0|0|0|ProductVariantId|NULL
dbo|ProductVariant_ProductAttribute_Mapping|PK__ProductV__3214EC0762307D25|CLUSTERED|1|1|0|Id|NULL
dbo|ProductVariantAttributeCombination|PK__ProductV__3214EC0766010E09|CLUSTERED|1|1|0|Id|NULL
dbo|ProductVariantAttributeValue|IX_ProductVariantAttributeValue_ProductVariantAttributeId|NONCLUSTERED|0|0|0|ProductVariantAttributeId|NULL
dbo|ProductVariantAttributeValue|PK__ProductV__3214EC0769D19EED|CLUSTERED|1|1|0|Id|NULL
dbo|Propietario|aaaaaPropietario_PK|NONCLUSTERED|1|1|0|Cedula|NULL
dbo|Proveedores|aaaaaProveedores_PK|NONCLUSTERED|1|1|0|CODIGO|NULL
dbo|Proveedores|CCOD|NONCLUSTERED|0|0|0|CODIGO|NULL
dbo|Proveedores|CNAME|NONCLUSTERED|0|0|0|NOMBRE|NULL
dbo|Proveedores|PCOD|NONCLUSTERED|0|0|0|CODIGO|NULL
dbo|Proveedores|VENDEDOR|NONCLUSTERED|0|0|0|VENDEDOR|NULL
dbo|QueryReport|PK_QueryReport|CLUSTERED|1|1|0|Id|NULL
dbo|QueuedEmail|IX_QueuedEmail_CreatedOnUtc|NONCLUSTERED|0|0|0|CreatedOnUtc|NULL
dbo|QueuedEmail|PK__QueuedEm__3214EC076DA22FD1|CLUSTERED|1|1|0|Id|NULL
dbo|RecurringPayment|PK__Recurrin__3214EC077172C0B5|CLUSTERED|1|1|0|Id|NULL
dbo|RecurringPaymentHistory|PK__Recurrin__3214EC0775435199|CLUSTERED|1|1|0|Id|NULL
dbo|Relaciones|Codigo|NONCLUSTERED|0|0|0|Codigo|NULL
dbo|Relaciones|Relacion|NONCLUSTERED|0|0|0|Relacion|NULL
dbo|RelatedProduct|IX_RelatedProduct_ProductId1|NONCLUSTERED|0|0|0|ProductId1|NULL
dbo|RelatedProduct|PK__RelatedP__3214EC077913E27D|CLUSTERED|1|1|0|Id|NULL
dbo|ReporteZ|PK_ReporteZ|CLUSTERED|1|1|0|ID|NULL
dbo|ResumenIva|IX_ResumenIva|NONCLUSTERED|0|0|0|Ordinal,Periodo|NULL
dbo|ResumenIva|PK_ResumenIva|CLUSTERED|1|1|0|Id,Periodo|NULL
dbo|Retenciones|PK_Retenciones|CLUSTERED|1|1|0|Codigo|NULL
dbo|RetencionIvaVentas|PK_RetencionIvaVentas_1|CLUSTERED|1|1|0|Num_Fact,Fecha_Comprobante|NULL
dbo|ReturnRequest|PK__ReturnRe__3214EC077CE47361|CLUSTERED|1|1|0|Id|NULL
dbo|RewardPointsHistory|PK__RewardPo__3214EC0700B50445|CLUSTERED|1|1|0|Id|NULL
dbo|ScheduleTask|PK__Schedule__3214EC0704859529|CLUSTERED|1|1|0|Id|NULL
dbo|Seniat|PK_Seniat|CLUSTERED|1|1|0|id|NULL
dbo|Seriales|PK_Seriales|CLUSTERED|1|1|0|id|NULL
dbo|Servicios|aaaaaServicios_PK|NONCLUSTERED|1|1|0|CODIGO|NULL
dbo|Setting|PK__Setting__3214EC070856260D|CLUSTERED|1|1|0|Id|NULL
dbo|ShippingByWeight|PK__Shipping__3214EC0711AA861D|CLUSTERED|1|1|0|Id|NULL
dbo|ShippingMethod|PK__Shipping__3214EC070C26B6F1|CLUSTERED|1|1|0|Id|NULL
dbo|ShippingMethodRestrictions|PK__Shipping__9CE6B8E10FF747D5|CLUSTERED|1|1|0|ShippingMethod_Id,Country_Id|NULL
dbo|ShoppingCartItem|IX_ShoppingCartItem_ShoppingCartTypeId_CustomerId|NONCLUSTERED|0|0|0|ShoppingCartTypeId,CustomerId|NULL
dbo|ShoppingCartItem|PK__Shopping__3214EC0713C7D8B9|CLUSTERED|1|1|0|Id|NULL
dbo|SpecificationAttribute|PK__Specific__3214EC071798699D|CLUSTERED|1|1|0|Id|NULL
dbo|SpecificationAttributeOption|PK__Specific__3214EC071B68FA81|CLUSTERED|1|1|0|Id|NULL
dbo|spt_values|ix2_spt_values_nu_nc|NONCLUSTERED|0|0|0|number,type|NULL
dbo|spt_values|spt_valuesclust|CLUSTERED|1|0|0|type,number,name|NULL
dbo|StateProvince|IX_StateProvince_CountryId|NONCLUSTERED|0|0|0|CountryId|DisplayOrder
dbo|StateProvince|PK__StatePro__3214EC071F398B65|CLUSTERED|1|1|0|Id|NULL
dbo|Sub_centroCosto|aaaaaSub_centroCosto_PK|NONCLUSTERED|1|1|0|Centro,Descripcion|NULL
dbo|SubGrupo|aaaaaSubGrupo_PK|NONCLUSTERED|1|1|0|Codigo|NULL
dbo|SubGrupo|ID|NONCLUSTERED|0|0|0|Codigo|NULL
dbo|Tabla_compra|PK_Tabla_compra|CLUSTERED|1|1|0|Id|NULL
dbo|Tabla_temp|PK_Tabla_temp|CLUSTERED|1|1|0|id|NULL
dbo|Tabla_temp|Tabla|NONCLUSTERED|0|0|0|Cliente|NULL
dbo|Tasa_Intereses|aaaaaTasa_Intereses_PK|NONCLUSTERED|1|1|0|Ano,Mes|NULL
dbo|Tasa_moneda|aaaaaTasa_moneda_PK|NONCLUSTERED|1|1|0|Moneda,Fecha|NULL
dbo|TaxCategory|PK__TaxCateg__3214EC07230A1C49|CLUSTERED|1|1|0|Id|NULL
dbo|TaxRate|PK__TaxRate__3214EC07157B1701|CLUSTERED|1|1|0|Id|NULL
dbo|TierPrice|IX_TierPrice_ProductVariantId|NONCLUSTERED|0|0|0|ProductVariantId|NULL
dbo|TierPrice|PK__TierPric__3214EC0726DAAD2D|CLUSTERED|1|1|0|Id|NULL
dbo|Tipo_Gastos|PK_Tipo_Gastos|CLUSTERED|1|1|0|ID|NULL
dbo|Tipo_Nomina|aaaaaTipo_Nomina_PK|NONCLUSTERED|1|1|0|codigo|NULL
dbo|Tipo_Nomina|CO_PLAN|NONCLUSTERED|1|0|0|codigo|NULL
dbo|Tipo_Trans_Bank|ID|NONCLUSTERED|1|0|0|Codigo|NULL
dbo|Tipo_Trans_Bank|PK_Tipo_Trans_Bank|CLUSTERED|1|1|0|Codigo|NULL
dbo|Tipos|ID|NONCLUSTERED|1|0|0|Codigo|NULL
dbo|Tipos|Nombre|NONCLUSTERED|0|0|0|Nombre|NULL
dbo|Tipos|PK_Tipos|CLUSTERED|1|1|0|Codigo|NULL
dbo|Topic|PK__Topic__3214EC072AAB3E11|CLUSTERED|1|1|0|Id|NULL
dbo|TrabajoVehiculo|aaaaaTrabajoVehiculo_PK|NONCLUSTERED|1|1|0|Placa,factura|NULL
dbo|Traslados|PK_Traslados|CLUSTERED|1|1|0|Num_Traslado|NULL
dbo|Turnos|PK_Turnos|CLUSTERED|1|1|0|Codigo|NULL
dbo|Unidades|PK_Unidades|CLUSTERED|1|1|0|Unidad|NULL
dbo|Usuarios|aaaaaUsuarios_PK|NONCLUSTERED|1|1|0|Cod_Usuario|NULL
dbo|Utilidad|aaaaaUtilidad_PK|NONCLUSTERED|1|1|0|Cedula,Ano|NULL
dbo|Vacacion|aaaaaVacacion_PK|NONCLUSTERED|1|1|0|Vacacion,Cedula|NULL
dbo|Vehiculos|aaaaaVehiculos_PK|NONCLUSTERED|1|1|0|Placa,Cedula|NULL
dbo|Vendedor|aaaaaVendedor_PK|NONCLUSTERED|1|1|0|Codigo|NULL
dbo|Vendedor|clave|NONCLUSTERED|0|0|0|clave|NULL
dbo|VentasPorCategorias|PK_VentasPorCategorias|CLUSTERED|1|1|0|Id|NULL
dbo|Widget|PK__Widget__3214EC072E7BCEF5|CLUSTERED|1|1|0|Id|NULL
